{
    "mm": {
        "ft": 304.8037,
        "in": 25.4001,
        "m": 1000,
        "cm": 10,
        "yd": 914.4111,
        "km": 1000000
    },
    "yd": {
        "m": 1.0936,
        "cm": 0.010936,
        "mm": 0.0010936,
        "in": 0.027778,
        "ft": 0.33333,
        "km": 1093.6
    },
    "km": {
        "ft": 0.0003,
        "in": 0.0000254,
        "m": 0.001,
        "cm": 0.00001,
        "yd": 0.0009
    }
}
